{
  "test/integration/pages/RisksObjectPage-dbg.js": 1739876530612,
  "test/integration/FirstJourney.js": 1739876530620,
  "test/integration/pages/RisksList.js": 1739876530612,
  "test/integration/opaTests.qunit.js": 1739876530604,
  "test/integration/pages/RisksObjectPage.js": 1739876530612,
  "test/testsuite.qunit.js": 1739876530564,
  "xs-app.json": 1739877716895,
  "manifest.json": 1739877716923,
  "Component.js": 1739876530500,
  "i18n/i18n.properties": 1739876540248,
  "test/integration/pages/RisksObjectPage.js.map": 1739877735910,
  "test/integration/pages/RisksList-dbg.js": 1739876530612,
  "test/integration/pages/RisksList.js.map": 1739877735910,
  "test/integration/opaTests.qunit-dbg.js": 1739876530604,
  "test/integration/opaTests.qunit.js.map": 1739877735910,
  "test/integration/FirstJourney-dbg.js": 1739876530620,
  "test/integration/FirstJourney.js.map": 1739877735925,
  "test/testsuite.qunit-dbg.js": 1739876530564,
  "test/testsuite.qunit.js.map": 1739877735913,
  "Component-dbg.js": 1739876530500,
  "Component.js.map": 1739877735912,
  "Component-preload.js": 1739877735986,
  "Component-preload.js.map": 1739877735986,
  "test/integration/opaTests.qunit.html": 1739876530604,
  "test/testsuite.qunit.html": 1739876530556,
  "test/flpSandbox.html": 1739876530556,
  "index.html": 1739876530500
}